<application>
  <component name="ProjectJdkTable">
    <jdk version="2">
      <name value="Python 3.9 (python_2)" />
      <type value="Python SDK" />
      <version value="Python 3.9.1" />
      <homePath value="D:\ccac\python_2\venv\Scripts\python.exe" />
      <roots>
        <classPath>
          <root type="composite">
            <root url="file://C:/Program Files/Python39/DLLs" type="simple" />
            <root url="file://C:/Program Files/Python39/Lib" type="simple" />
            <root url="file://C:/Program Files/Python39" type="simple" />
            <root url="file://D:/ccac/python_2/venv" type="simple" />
            <root url="file://D:/ccac/python_2/venv/Lib/site-packages" type="simple" />
            <root url="file://D:/ccac/python_2/venv/Lib/site-packages/win32" type="simple" />
            <root url="file://D:/ccac/python_2/venv/Lib/site-packages/win32/lib" type="simple" />
            <root url="file://D:/ccac/python_2/venv/Lib/site-packages/pythonwin" type="simple" />
            <root url="file://$USER_HOME$/AppData/Local/JetBrains/PyCharm2020.3/python_stubs/-1756087693" type="simple" />
            <root url="file://$APPLICATION_HOME_DIR$/plugins/python/helpers/python-skeletons" type="simple" />
            <root url="file://$APPLICATION_HOME_DIR$/plugins/python/helpers/typeshed/stdlib/3.9" type="simple" />
            <root url="file://$APPLICATION_HOME_DIR$/plugins/python/helpers/typeshed/stdlib/3.7" type="simple" />
            <root url="file://$APPLICATION_HOME_DIR$/plugins/python/helpers/typeshed/stdlib/3" type="simple" />
            <root url="file://$APPLICATION_HOME_DIR$/plugins/python/helpers/typeshed/stdlib/2and3" type="simple" />
            <root url="file://$APPLICATION_HOME_DIR$/plugins/python/helpers/typeshed/third_party/3" type="simple" />
            <root url="file://$APPLICATION_HOME_DIR$/plugins/python/helpers/typeshed/third_party/2and3" type="simple" />
          </root>
        </classPath>
        <sourcePath>
          <root type="composite" />
        </sourcePath>
      </roots>
      <additional ASSOCIATED_PROJECT_PATH="D:/ccac/python_2" />
    </jdk>
  </component>
</application>